name,exam1,exam2,exam3,avg_score,group1
Diana,64,68,70,67.59420289855072,1
Evan,81,84,86,83.88405797101449,1
Fiona,90,91,93,91.46376811594202,1
George,70,73,75,72.88405797101449,2
Ian,78,80,82,80.17391304347827,2
Alice,88,90,92,90.17391304347827,2
Kevin,67,69,71,69.17391304347825,3
Bob,72,75,78,75.26086956521738,3
Hannah,85,87,89,87.17391304347825,3
Julia,92,94,96,94.17391304347825,4
Charlie,95,93,97,95.08695652173913,4
