name,exam1,exam2,exam3,avg_score
Diana,64,68,70,67.59420289855072
Kevin,67,69,71,69.17391304347825
George,70,73,75,72.88405797101449
Bob,72,75,78,75.26086956521738
Ian,78,80,82,80.17391304347827
Evan,81,84,86,83.88405797101449
Hannah,85,87,89,87.17391304347825
Alice,88,90,92,90.17391304347827
Fiona,90,91,93,91.46376811594202
Julia,92,94,96,94.17391304347825
Charlie,95,93,97,95.08695652173913
